gene,cyst_position,tryp_position,phen_position,aligned_seq
IGHJ4*03,,14,,
IGHJ4*01,,14,,
IGHJ4*02,,14,,
IGHJ2*01,,19,,
IGHJ3*01,,16,,
IGHJ6*04,,29,,
IGHJ3*02,,16,,
IGHJ6*02,,29,,
IGHJ6*03,,29,,
IGHJ5*01,,17,,
IGHJ6*01,,29,,
IGHJ1*01,,18,,
IGHJ5*02,,17,,
IGHV1-69*01,285,,,
IGHV1-69*02,285,,,
IGHV1-69*04,285,,,
IGHV1-69*05,285,,,
IGHV1-69*06,285,,,
IGHV1-69*08,285,,,
IGHV1-69*09,285,,,
IGHV3-74*01,285,,,
IGHV3-74*02,285,,,
IGHV3-74*03,285,,,
IGHV2-5*02,288,,,
IGHV2-5*01,288,,,
IGHV2-5*06,288,,,
IGHV3-30-3*03,285,,,
IGHV2-5*04,288,,,
IGHV2-5*05,288,,,
IGHV2-5*08,288,,,
IGHV2-5*09,288,,,
IGHV3-43D*01,285,,,
IGHV4-59*05,282,,,
IGHV3-64*01,285,,,
IGHV3-64*03,285,,,
IGHV4-59*10,282,,,
IGHV4-34*05,282,,,
IGHV4-34*04,282,,,
IGHV4-34*02,282,,,
IGHV4-34*01,282,,,
IGHV1-46*03,285,,,
IGHV4-34*09,282,,,
IGHV4-34*08,282,,,
IGHV3-49*04,291,,,
IGHV3-30*16,285,,,
IGHV3-30*15,285,,,
IGHV3-30*14,285,,,
IGHV3-49*01,291,,,
IGHV3-49*02,291,,,
IGHV3-49*03,291,,,
IGHV3-30*19,285,,,
IGHV3-30*18,285,,,
IGHV4-39*01,288,,,
IGHV1-2*04,285,,,
IGHV1-2*05,285,,,
IGHV1-2*02,285,,,
IGHV1-2*03,285,,,
IGHV1-2*01,285,,,
IGHV3-33*05,285,,,
IGHV3-33*04,285,,,
IGHV3-33*06,285,,,
IGHV3-33*01,285,,,
IGHV3-33*03,285,,,
IGHV3-33*02,285,,,
IGHV4-28*02,285,,,
IGHV4-28*03,285,,,
IGHV3-21*04,285,,,
IGHV4-28*01,285,,,
IGHV4-28*06,285,,,
IGHV4-28*07,285,,,
IGHV4-28*05,285,,,
IGHV6-1*02,294,,,
IGHV4-59*07,282,,,
IGHV4-59*04,282,,,
IGHV4-59*02,282,,,
IGHV4-59*03,282,,,
IGHV4-34*12,282,,,
IGHV4-59*01,282,,,
IGHV3-30-3*02,285,,,
IGHV4-59*08,282,,,
IGHV4-59*09,210,,,
IGHV3-30*04,285,,,
IGHV3-30*05,285,,,
IGHV3-30*06,285,,,
IGHV3-30*07,285,,,
IGHV3-30*01,285,,,
IGHV3-30*03,285,,,
IGHV3-NL1*01,285,,,
IGHV3-21*02,285,,,
IGHV3-72*01,291,,,
IGHV3-30*08,285,,,
IGHV3-30*09,285,,,
IGHV3-73*02,291,,,
IGHV4-28*04,285,,,
IGHV3-64D*06,285,,,
IGHV4-31*10,288,,,
IGHV1-8*01,285,,,
IGHV4-59*06,282,,,
IGHV2-70*01,288,,,
IGHV1-18*01,285,,,
IGHV4-38-2*02,285,,,
IGHV4-31*05,285,,,
IGHV4-38-2*01,285,,,
IGHV4-31*01,288,,,
IGHV4-31*02,288,,,
IGHV4-31*03,288,,,
IGHV5-10-1*04,285,,,
IGHV6-1*01,294,,,
IGHV5-10-1*01,285,,,
IGHV4-61*02,288,,,
IGHV5-10-1*03,285,,,
IGHV3-7*03,285,,,
IGHV3-7*02,285,,,
IGHV3-7*01,285,,,
IGHV4-34*11,282,,,
IGHV4-30-2*02,288,,,
IGHV4-30-2*03,288,,,
IGHV4-30-2*01,288,,,
IGHV4-30-2*06,288,,,
IGHV4-30-2*04,216,,,
IGHV4-30-2*05,288,,,
IGHV4-34*13,210,,,
IGHV3-15*08,291,,,
IGHV1-46*01,285,,,
IGHV2-70*12,288,,,
IGHV2-70*13,288,,,
IGHV2-70*10,288,,,
IGHV2-70*11,288,,,
IGHV3-53*04,282,,,
IGHV3-53*03,282,,,
IGHV3-53*02,282,,,
IGHV3-53*01,282,,,
IGHV3-23*03,285,,,
IGHV3-64*05,285,,,
IGHV3-64*04,285,,,
IGHV3-11*05,285,,,
IGHV3-11*04,285,,,
IGHV3-11*06,285,,,
IGHV3-11*01,285,,,
IGHV3-11*03,285,,,
IGHV4-61*08,288,,,
IGHV2-70D*04,288,,,
IGHV1-69-2*01,285,,,
IGHV4-61*05,288,,,
IGHV1-18*03,285,,,
IGHV3-43*02,285,,,
IGHV3-43*01,285,,,
IGHV3-64*02,285,,,
IGHV4-61*07,216,,,
IGHV3-23*04,285,,,
IGHV3-30*02,285,,,
IGHV1-69D*01,285,,,
IGHV1-45*01,285,,,
IGHV1-18*04,285,,,
IGHV5-51*04,285,,,
IGHV5-51*03,285,,,
IGHV5-51*01,285,,,
IGHV3-23D*01,285,,,
IGHV2-70D*14,288,,,
IGHV3-23D*02,285,,,
IGHV2-26*01,288,,,
IGHV7-4-1*02,285,,,
IGHV7-4-1*01,285,,,
IGHV3-23*05,285,,,
IGHV7-4-1*04,285,,,
IGHV7-4-1*05,285,,,
IGHV3-66*03,282,,,
IGHV3-66*02,282,,,
IGHV3-66*01,282,,,
IGHV1-58*02,285,,,
IGHV3-66*04,282,,,
IGHV1-3*01,285,,,
IGHV1-3*02,285,,,
IGHV5-51*02,285,,,
IGHV3-13*03,282,,,
IGHV3-13*02,282,,,
IGHV1-8*02,285,,,
IGHV3-13*05,282,,,
IGHV3-13*04,282,,,
IGHV1-24*01,285,,,
IGHV3-30-5*01,285,,,
IGHV3-30-5*02,285,,,
IGHV4-30-4*07,288,,,
IGHV4-30-4*01,288,,,
IGHV4-30-4*02,288,,,
IGHV3-49*05,291,,,
IGHV1-69*13,285,,,
IGHV3-30*13,285,,,
IGHV3-30*12,285,,,
IGHV4-39*05,288,,,
IGHV4-39*06,288,,,
IGHV4-39*07,288,,,
IGHV3-30*11,285,,,
IGHV4-39*02,288,,,
IGHV3-30-3*01,285,,,
IGHV3-21*01,285,,,
IGHV3-30*10,285,,,
IGHV4-30-4*06,216,,,
IGHV3-9*01,285,,,
IGHV1-46*02,285,,,
IGHV3-9*03,285,,,
IGHV3-9*02,285,,,
IGHV3-13*01,282,,,
IGHV1-45*02,285,,,
IGHV3-73*01,291,,,
IGHV1-69*12,285,,,
IGHV1-69*11,285,,,
IGHV1-69*10,285,,,
IGHV3-23*01,285,,,
IGHV3-23*02,285,,,
IGHV1-69*14,285,,,
IGHV3-21*03,285,,,
IGHV3-15*01,291,,,
IGHV3-15*03,291,,,
IGHV3-15*02,291,,,
IGHV3-15*05,291,,,
IGHV3-15*04,291,,,
IGHV3-15*07,291,,,
IGHV3-15*06,291,,,
IGHV3-48*03,285,,,
IGHV3-20*01,285,,,
IGHV3-48*01,285,,,
IGHV4-61*06,216,,,
IGHV4-61*01,288,,,
IGHV4-61*03,288,,,
IGHV3-48*04,285,,,
IGHV4-4*07,282,,,
IGHV4-4*06,213,,,
IGHV1-58*01,285,,,
IGHV4-4*01,285,,,
IGHV4-34*10,282,,,
IGHV4-4*08,282,,,
IGHV4-31*04,288,,,
IGHV3-48*02,285,,,
IGHV4-4*02,285,,,
IGHV3-30*17,285,,,
