gene,cyst_position,tryp_position,phen_position,aligned_seq
IGHJ2*01,,19,,
IGHJ4*02,,14,,
IGHJ3*01,,16,,
IGHJ3*02,,16,,
IGHJ6*02,,29,,
IGHJ6*03,,29,,
IGHJ5*01,,17,,
IGHJ1*01,,18,,
IGHJ5*02,,17,,
IGHV1-69*01,285,,,
IGHV3-74*01,285,,,
IGHV2-5*08,288,,,
IGHV3-64*04,285,,,
IGHV3-21*01,285,,,
IGHV4-59*10,282,,,
IGHV4-34*01,282,,,
IGHV3-9*01,285,,,
IGHV4-34*09,282,,,
IGHV3-49*04,291,,,
IGHV1-2*02,285,,,
IGHV4-59*02,282,,,
IGHV3-30*01,285,,,
IGHV3-30*02,285,,,
IGHV3-NL1*01,285,,,
IGHV3-72*01,291,,,
IGHV6-1*02,294,,,
IGHV3-48*04,285,,,
IGHV1-18*01,285,,,
IGHV4-31*02,288,,,
IGHV5-10-1*04,285,,,
IGHV3-7*03,285,,,
IGHV4-30-2*05,288,,,
IGHV2-70*13,288,,,
IGHV1-45*02,285,,,
IGHV3-11*04,285,,,
IGHV3-11*06,285,,,
IGHV3-15*04,291,,,
IGHV1-69-2*01,285,,,
IGHV3-48*03,285,,,
IGHV3-43*02,285,,,
IGHV5-51*02,285,,,
IGHV2-26*01,288,,,
IGHV7-4-1*02,285,,,
IGHV3-66*03,282,,,
IGHV3-66*01,282,,,
IGHV1-3*01,285,,,
IGHV1-3*02,285,,,
IGHV1-8*01,285,,,
IGHV1-24*01,285,,,
IGHV4-30-4*07,288,,,
IGHV4-30-4*01,288,,,
IGHV3-13*02,282,,,
IGHV3-73*01,291,,,
IGHV4-39*01,288,,,
IGHV1-46*01,285,,,
IGHV3-13*01,282,,,
IGHV3-23*01,285,,,
IGHV3-23*03,285,,,
IGHV4-61*08,288,,,
IGHV4-61*05,288,,,
IGHV4-61*02,288,,,
IGHV4-4*07,282,,,
IGHV1-58*01,285,,,
IGHV3-20*01,285,,,
IGHV4-34*10,282,,,
